<?xml version="1.0" encoding="UTF-8"?>
<project-private xmlns="http://www.netbeans.org/ns/project-private/1">
    <editor-bookmarks xmlns="http://www.netbeans.org/ns/editor-bookmarks/2" lastBookmarkId="0"/>
    <open-files xmlns="http://www.netbeans.org/ns/projectui-open-files/2">
        <group>
            <file>file:/E:/JAVAA/projects/ATM_OpenClose_CahinofRes/src/Withdraw/Withdraw500.java</file>
            <file>file:/E:/JAVAA/projects/ATM_OpenClose_CahinofRes/src/Withdraw/Withdraw5000.java</file>
            <file>file:/E:/JAVAA/projects/ATM_OpenClose_CahinofRes/src/Withdraw/Withdraw1000.java</file>
            <file>file:/E:/JAVAA/projects/ATM_OpenClose_CahinofRes/src/RMI/Client.java</file>
            <file>file:/E:/JAVAA/projects/ATM_OpenClose_CahinofRes/src/Withdraw/Withdraw.java</file>
            <file>file:/E:/JAVAA/projects/ATM_OpenClose_CahinofRes/src/RMI/Server.java</file>
            <file>file:/E:/JAVAA/projects/ATM_OpenClose_CahinofRes/src/Exception/ThrowExceptions.java</file>
            <file>file:/E:/JAVAA/projects/ATM_OpenClose_CahinofRes/src/File/RecordSave.java</file>
            <file>file:/E:/JAVAA/projects/ATM_OpenClose_CahinofRes/src/RMI/ARemote.java</file>
            <file>file:/E:/JAVAA/projects/ATM_OpenClose_CahinofRes/src/View/GUIATM.java</file>
            <file>file:/E:/JAVAA/projects/ATM_OpenClose_CahinofRes/src/Controller/ControllerATM.java</file>
            <file>file:/E:/JAVAA/projects/ATM_OpenClose_CahinofRes/src/RMI/IRemote.java</file>
        </group>
    </open-files>
</project-private>
